"Site","Partition","alpha","beta (background)","beta (Foreground)","subs (Foreground)","P-value (overall)","Q-value (overall)","Permutation p-value","Total branch length"
1,1,"0.000","0.000","0.000","1.000","1.000","1.000","1.000","0.000"
2,1,"7.599","1.386","0.344","17.000","0.010","0.018","0.333","735.125"
3,1,"1.127","0.602","0.315","10.000","0.237","0.303","-1.000","179.093"
4,1,"1.392","0.841","0.469","13.000","0.316","0.398","-1.000","240.017"
5,1,"4.397","0.321","4.648","17.000","0.049","0.074","0.250","835.186"
6,1,"3.038","0.329","0.654","16.000","0.235","0.302","-1.000","323.347"
7,1,"0.689","0.163","2.580","20.000","0.015","0.025","0.250","335.077"
8,1,"2.758","0.021","0.091","33.000","0.000","0.000","0.333","211.410"
9,1,"0.737","0.066","0.270","85.000","0.000","0.000","0.125","88.454"
10,1,"0.819","0.040","0.132","75.000","0.001","0.001","1.000","77.373"
11,1,"0.889","0.121","0.322","86.000","0.000","0.000","1.000","110.788"
12,1,"0.938","0.054","0.184","65.000","0.000","0.000","0.053","92.783"
13,1,"0.887","0.042","0.366","41.000","0.000","0.000","1.000","106.761"
14,1,"0.681","0.126","0.397","65.000","0.336","0.421","-1.000","104.071"
15,1,"1.172","0.083","0.402","94.000","0.000","0.000","0.125","135.461"
16,1,"0.835","0.050","0.257","78.000","0.000","0.000","1.000","92.456"
17,1,"0.710","1.397","1.266","37.000","0.977","0.983","-1.000","333.241"
18,1,"1.213","0.044","0.264","91.000","0.000","0.000","0.500","119.988"
19,1,"0.988","0.328","0.647","84.000","0.374","0.451","-1.000","173.980"
20,1,"0.952","0.436","0.627","79.000","0.640","0.714","-1.000","181.020"
21,1,"0.591","0.254","0.630","48.000","0.351","0.434","-1.000","135.425"
22,1,"0.638","0.089","1.082","52.000","0.097","0.138","-1.000","168.081"
23,1,"1.363","0.090","0.663","71.000","0.009","0.016","0.500","177.244"
24,1,"2.988","0.080","0.492","75.000","0.000","0.000","1.000","275.955"
25,1,"0.761","0.054","0.494","81.000","0.000","0.000","1.000","112.155"
26,1,"0.678","0.067","0.556","87.000","0.000","0.000","1.000","114.013"
27,1,"1.107","0.065","0.860","96.000","0.000","0.000","1.000","176.435"
28,1,"1.860","0.466","0.451","72.000","0.959","0.979","-1.000","231.611"
29,1,"2.818","0.203","0.544","43.000","0.464","0.549","-1.000","282.293"
30,1,"0.883","0.037","0.095","10.000","0.113","0.159","-1.000","77.731"
31,1,"0.979","0.177","0.764","23.000","0.089","0.131","-1.000","169.287"
32,1,"1.665","0.298","0.648","34.000","0.354","0.435","-1.000","219.844"
33,1,"1.162","0.239","0.579","43.000","0.180","0.240","-1.000","169.946"
34,1,"1.098","0.080","0.495","93.000","0.000","0.000","1.000","139.507"
35,1,"1.139","0.099","0.577","100.000","0.000","0.000","1.000","152.978"
36,1,"1.351","0.021","0.152","76.000","0.000","0.000","0.250","115.883"
37,1,"1.288","0.118","0.706","74.000","0.000","0.000","0.500","179.118"
38,1,"1.029","0.082","0.311","59.000","0.000","0.000","0.500","115.567"
39,1,"2.981","0.179","0.752","70.000","0.000","0.000","1.000","313.202"
40,1,"1.618","0.126","0.644","50.000","0.000","0.000","1.000","197.539"
41,1,"0.495","0.245","1.035","46.000","0.164","0.223","-1.000","169.622"
42,1,"1.206","0.424","0.704","37.000","0.502","0.583","-1.000","205.960"
43,1,"5.072","0.116","0.493","30.000","0.049","0.075","1.000","430.847"
44,1,"2.790","0.239","1.623","23.000","0.367","0.445","-1.000","396.119"
45,1,"0.849","0.000","0.445","20.000","0.197","0.258","-1.000","107.668"
46,1,"0.283","0.148","1.355","30.000","0.491","0.575","-1.000","176.980"
47,1,"2.334","0.623","0.585","32.000","0.963","0.979","-1.000","296.885"
48,1,"4.052","0.622","0.567","41.000","0.929","0.964","-1.000","419.176"
49,1,"2.491","0.344","2.216","54.000","0.199","0.259","-1.000","447.336"
50,1,"0.827","0.109","0.925","76.000","0.000","0.000","1.000","167.655"
51,1,"0.714","0.163","0.346","67.000","0.003","0.005","1.000","105.135"
52,1,"0.889","0.073","0.379","61.000","0.000","0.000","0.500","111.569"
53,1,"0.821","0.137","0.636","72.000","0.096","0.138","-1.000","140.236"
54,1,"0.622","0.251","0.746","50.000","0.310","0.393","-1.000","149.482"
55,1,"1.465","0.131","0.544","83.000","0.000","0.000","0.500","176.605"
56,1,"1.369","0.110","0.497","77.000","0.000","0.000","1.000","162.529"
57,1,"1.758","0.093","0.300","82.000","0.000","0.000","1.000","168.487"
58,1,"1.161","0.074","0.562","86.000","0.000","0.000","1.000","150.315"
59,1,"1.382","0.162","0.486","86.000","0.000","0.000","0.500","167.943"
60,1,"0.945","0.354","0.799","78.000","0.182","0.241","-1.000","189.421"
61,1,"3.148","0.474","0.821","68.000","0.338","0.421","-1.000","364.179"
62,1,"0.501","0.245","0.522","25.000","0.485","0.571","-1.000","116.715"
63,1,"2.428","0.074","0.598","19.000","0.000","0.000","0.500","245.812"
64,1,"0.951","0.543","0.765","24.000","0.652","0.724","-1.000","206.756"
65,1,"0.928","0.025","0.059","41.000","0.085","0.125","-1.000","76.057"
66,1,"1.033","0.195","1.215","70.000","0.018","0.030","0.200","221.847"
67,1,"1.052","0.207","0.824","65.000","0.126","0.175","-1.000","183.960"
68,1,"1.162","1.463","1.200","57.000","0.789","0.832","-1.000","366.218"
69,1,"1.290","0.218","1.140","58.000","0.038","0.061","0.111","235.233"
70,1,"0.590","0.226","1.384","32.000","0.155","0.212","-1.000","210.632"
71,1,"1.231","15.391","0.628","34.000","0.017","0.028","0.111","1812.092"
72,1,"0.415","0.218","0.949","40.000","0.170","0.228","-1.000","152.044"
73,1,"1.561","0.251","0.758","50.000","0.133","0.183","-1.000","218.633"
74,1,"1.029","0.166","0.862","55.000","0.000","0.000","0.500","181.819"
75,1,"0.690","0.144","0.589","60.000","0.000","0.000","1.000","126.533"
76,1,"1.101","0.089","1.170","86.000","0.000","0.000","1.000","210.730"
77,1,"0.683","0.048","0.764","78.000","0.000","0.000","1.000","133.897"
78,1,"0.873","0.080","0.403","59.000","0.000","0.000","0.333","113.645"
79,1,"0.501","0.042","0.350","64.000","0.000","0.000","1.000","77.117"
80,1,"0.887","0.062","0.176","49.000","0.001","0.001","1.000","89.070"
81,1,"1.299","0.029","0.336","66.000","0.000","0.000","1.000","132.051"
82,1,"1.911","0.045","0.275","72.000","0.000","0.000","1.000","171.723"
83,1,"1.825","0.000","0.236","20.000","0.028","0.045","1.000","156.556"
84,1,"0.591","0.000","0.846","24.000","0.461","0.550","-1.000","130.614"
85,1,"0.767","0.070","0.330","20.000","0.550","0.632","-1.000","97.366"
86,1,"1.177","0.042","0.151","76.000","0.000","0.000","0.200","105.351"
87,1,"0.752","0.102","0.324","78.000","0.000","0.000","0.143","99.084"
88,1,"0.867","0.066","0.216","79.000","0.000","0.000","1.000","92.270"
89,1,"0.723","0.014","0.203","78.000","0.000","0.000","1.000","74.980"
90,1,"0.716","0.036","0.173","75.000","0.000","0.000","1.000","73.661"
91,1,"0.905","0.018","0.354","91.000","0.000","0.000","1.000","104.225"
92,1,"1.012","0.041","0.350","101.000","0.000","0.000","1.000","113.964"
93,1,"0.878","0.030","0.143","76.000","0.000","0.000","1.000","81.699"
94,1,"1.149","0.025","0.079","75.000","0.012","0.020","0.500","94.057"
95,1,"1.522","0.027","0.268","93.000","0.000","0.000","1.000","140.947"
96,1,"0.867","0.032","0.105","52.000","0.001","0.001","0.250","77.133"
97,1,"0.699","0.013","0.020","49.000","0.504","0.582","-1.000","54.086"
98,1,"1.648","0.047","0.144","92.000","0.001","0.001","1.000","139.252"
99,1,"1.314","0.057","0.329","86.000","0.000","0.000","0.050","135.356"
100,1,"1.122","0.052","0.210","82.000","0.000","0.000","1.000","108.595"
101,1,"0.804","0.016","0.019","37.000","0.752","0.801","-1.000","61.980"
102,1,"0.955","0.015","0.226","80.000","0.000","0.000","1.000","94.269"
103,1,"0.767","0.136","0.307","99.000","0.000","0.000","1.000","101.996"
104,1,"1.128","0.039","0.209","88.000","0.000","0.000","1.000","107.571"
105,1,"0.949","0.066","0.408","105.000","0.000","0.000","1.000","118.152"
106,1,"1.169","0.015","0.135","89.000","0.000","0.000","0.083","100.289"
107,1,"0.924","0.012","0.103","81.000","0.000","0.000","0.083","78.997"
108,1,"0.663","0.016","0.084","58.000","0.000","0.000","1.000","58.487"
109,1,"1.296","0.063","0.058","79.000","0.844","0.881","-1.000","106.626"
110,1,"0.698","0.013","0.177","58.000","0.000","0.000","0.250","70.235"
111,1,"0.909","0.024","0.290","94.000","0.000","0.000","1.000","98.487"
112,1,"1.180","0.010","0.118","83.000","0.000","0.000","0.333","98.756"
113,1,"0.662","0.003","0.014","36.000","0.066","0.099","-1.000","49.698"
114,1,"0.909","0.021","0.297","90.000","0.000","0.000","1.000","98.943"
115,1,"1.115","0.010","0.036","65.000","0.046","0.071","1.000","85.531"
116,1,"0.903","0.019","0.228","91.000","0.000","0.000","0.063","91.151"
117,1,"0.664","0.015","0.066","60.000","0.003","0.005","1.000","56.496"
118,1,"0.838","0.027","0.113","69.000","0.000","0.000","0.500","75.320"
119,1,"0.855","0.012","0.082","39.000","0.000","0.000","1.000","71.683"
120,1,"0.839","0.019","0.113","72.000","0.000","0.000","1.000","74.512"
121,1,"1.263","0.018","0.222","83.000","0.000","0.000","1.000","116.314"
122,1,"1.056","0.314","0.874","35.000","0.819","0.859","-1.000","200.981"
123,1,"1.493","0.992","0.993","37.000","0.974","0.985","-1.000","317.971"
124,1,"1.000","0.041","0.422","57.000","0.000","0.000","1.000","120.590"
125,1,"1.085","0.051","0.418","64.000","0.000","0.000","1.000","127.426"
126,1,"0.864","0.043","0.365","100.000","0.000","0.000","1.000","105.022"
127,1,"0.838","0.038","0.455","77.000","0.000","0.000","1.000","111.948"
128,1,"1.720","0.347","0.355","36.000","0.958","0.983","-1.000","198.749"
129,1,"0.991","1.005","0.509","55.000","0.627","0.703","-1.000","232.782"
130,1,"0.662","0.610","0.565","87.000","0.935","0.965","-1.000","172.324"
131,1,"1.403","0.097","0.515","101.000","0.000","0.000","1.000","165.467"
132,1,"1.390","0.014","0.247","88.000","0.000","0.000","1.000","127.809"
133,1,"1.035","0.016","0.436","105.000","0.000","0.000","1.000","121.938"
134,1,"0.954","0.010","0.130","83.000","0.000","0.000","1.000","83.647"
135,1,"0.677","0.005","0.089","31.000","0.000","0.000","0.200","58.836"
136,1,"0.662","0.015","0.113","61.000","0.000","0.000","1.000","61.256"
137,1,"0.630","0.098","0.370","89.000","0.000","0.000","1.000","94.514"
138,1,"1.224","0.099","0.286","87.000","0.000","0.000","0.500","128.898"
139,1,"0.651","0.014","0.010","51.000","0.712","0.777","-1.000","49.705"
140,1,"1.385","0.040","0.090","94.000","0.030","0.048","1.000","113.971"
141,1,"1.027","0.109","0.374","93.000","0.000","0.000","1.000","124.932"
142,1,"0.808","0.027","0.054","67.000","0.117","0.163","-1.000","67.054"
143,1,"1.402","0.008","0.057","89.000","0.001","0.002","0.500","108.238"
144,1,"0.904","0.015","0.019","42.000","0.711","0.780","-1.000","69.024"
145,1,"0.565","0.003","0.039","26.000","0.001","0.001","1.000","45.281"
146,1,"0.813","0.015","0.081","66.000","0.000","0.000","1.000","68.792"
147,1,"0.922","0.100","0.204","84.000","0.004","0.007","0.083","98.661"
148,1,"0.860","0.012","0.009","32.000","0.748","0.802","-1.000","64.512"
149,1,"0.910","0.014","0.145","75.000","0.000","0.000","1.000","82.352"
150,1,"1.711","0.021","0.097","60.000","0.000","0.000","0.333","136.131"
151,1,"1.214","0.012","0.204","90.000","0.000","0.000","0.050","110.353"
152,1,"1.103","0.015","0.182","86.000","0.000","0.000","0.333","100.242"
153,1,"1.097","0.051","0.201","65.000","0.000","0.000","0.500","105.750"
154,1,"1.124","0.024","0.098","78.000","0.001","0.001","1.000","94.052"
155,1,"1.521","0.014","0.053","44.000","0.004","0.006","0.500","117.132"
156,1,"0.841","0.015","0.112","54.000","0.000","0.000","0.250","74.147"
157,1,"1.362","0.003","0.054","46.000","0.000","0.000","0.500","104.459"
158,1,"0.641","0.032","0.231","84.000","0.000","0.000","1.000","73.872"
159,1,"1.313","0.027","0.173","63.000","0.000","0.000","0.250","115.931"
160,1,"0.924","0.043","0.199","88.000","0.000","0.000","0.250","92.232"
161,1,"1.849","0.036","0.066","59.000","0.097","0.138","-1.000","144.654"
162,1,"0.683","0.028","0.170","80.000","0.000","0.000","1.000","70.107"
163,1,"0.716","0.043","0.211","83.000","0.000","0.000","1.000","78.372"
164,1,"0.966","0.024","0.036","39.000","0.354","0.433","-1.000","76.361"
165,1,"0.589","0.021","0.056","66.000","0.036","0.058","1.000","50.715"
166,1,"0.957","0.052","0.120","58.000","0.006","0.010","0.500","87.359"
167,1,"1.325","0.007","0.019","72.000","0.223","0.289","-1.000","98.621"
168,1,"0.725","0.070","0.129","74.000","0.043","0.067","1.000","73.467"
169,1,"0.741","0.017","0.014","68.000","0.737","0.795","-1.000","56.971"
170,1,"0.895","0.036","0.097","83.000","0.008","0.013","1.000","78.739"
171,1,"1.570","0.042","0.205","60.000","0.000","0.000","1.000","139.445"
172,1,"1.023","0.043","0.234","93.000","0.000","0.000","0.250","102.985"
173,1,"1.295","0.050","0.260","87.000","0.000","0.000","0.050","126.183"
174,1,"1.264","0.023","0.017","43.000","0.571","0.648","-1.000","95.749"
175,1,"0.883","0.066","0.183","65.000","0.000","0.000","0.091","90.033"
176,1,"0.931","0.048","0.257","76.000","0.000","0.000","1.000","99.257"
177,1,"1.282","0.026","0.039","74.000","0.445","0.533","-1.000","99.739"
178,1,"1.011","0.053","0.131","75.000","0.003","0.006","0.500","92.485"
179,1,"1.096","0.072","0.084","86.000","0.662","0.730","-1.000","95.821"
180,1,"0.859","0.058","0.102","65.000","0.095","0.138","-1.000","79.002"
181,1,"0.882","0.055","0.113","71.000","0.024","0.039","0.125","81.472"
182,1,"0.736","0.043","0.112","66.000","0.007","0.013","1.000","69.544"
183,1,"1.084","11.317","0.300","17.000","0.087","0.129","-1.000","1328.542"
184,1,"0.644","0.073","0.274","14.000","0.168","0.227","-1.000","82.905"
185,1,"0.886","0.057","0.050","53.000","0.737","0.799","-1.000","75.465"
186,1,"1.368","0.080","0.304","81.000","0.000","0.000","1.000","139.239"
187,1,"1.376","0.113","0.441","74.000","0.000","0.000","0.500","157.570"
188,1,"0.807","0.161","0.149","44.000","0.767","0.813","-1.000","91.231"
189,1,"0.429","0.138","0.300","20.000","0.562","0.642","-1.000","77.101"
190,1,"0.823","1.435","0.198","28.000","0.043","0.068","0.200","234.654"
191,1,"0.818","0.553","0.198","37.000","0.062","0.093","-1.000","139.287"
192,1,"0.691","0.241","0.330","47.000","0.600","0.677","-1.000","110.238"
193,1,"0.581","0.649","0.112","9.000","0.014","0.024","0.500","123.564"
